<?xml version="1.0"?>
<district name="Middleshire">
	<tower name="Great Shevington">
		<member fname="Aria"  lname="Cruz" captain="N" experience="13">
			<method name="Brandon Parva Maximus"/>
			<method name="Buckfast Abbey Triples"/>
			<method name="Hayfield Royal"/>
			<method name="Skelwith Bridge Minor"/>
			<method name="West Chiltington Doubles"/>
		</member>
		<member fname="Ann"  lname="Devon" captain="N" experience="20">
			<method name="Acton Trussel Bob Royal"/>
			<method name="Andover Bob Minor"/>
			<method name="Antelope Place Doubles"/>
			<method name="Brandon Parva Maximus"/>
			<method name="Buckfast Abbey Triples"/>
			<method name="Hayfield Royal"/>
			<method name="Skelwith Bridge Minor"/>
			<method name="West Chiltington Doubles"/>
		</member>
		<member fname="Annette"  lname="Roulet" captain="N" experience="8">
			<method name="Acton Trussel Bob Royal"/>
		</member>
		<member fname="Anabela"  lname="Domingues" captain="N" experience="3">
			<method name="Hayfield Royal"/>
		</member>
		<member fname="Carlos"  lname="Hernadez" captain="N" experience="1">
		</member>
		<member fname="Carine"  lname="Schmitt" captain="Y" experience="13">
			<method name="Acton Trussel Bob Royal"/>
			<method name="Andover Bob Minor"/>
			<method name="Antelope Place Doubles"/>
			<method name="Brandon Parva Maximus"/>
			<method name="Buckfast Abbey Triples"/>
			<method name="Hayfield Royal"/>
			<method name="Skelwith Bridge Minor"/>
		</member>
		<member fname="Daniel"  lname="Tonini" captain="N" experience="4">
			<method name="Buckfast Abbey Triples"/>
			<method name="Hayfield Royal"/>
			<method name="Skelwith Bridge Minor"/>
		</member>
		<member fname="Diego"  lname="Roel" captain="N" experience="2">
		</member>
		<member fname="Elizabeth"  lname="Lincoln" captain="N" experience="6">
			<method name="Acton Trussel Bob Royal"/>
		</member>
		<member fname="Francisco"  lname="Chang" captain="N" experience="5">
			<method name="Antelope Place Doubles"/>
			<method name="Brandon Parva Maximus"/>
			<method name="Buckfast Abbey Triples"/>
			<method name="Hayfield Royal"/>
		</member>
	</tower>
	<tower name="Little Mudford">
		<member fname="Gary"  lname="Thomas" captain="N" experience="13">
			<method name="Brandon Parva Maximus"/>
			<method name="Buckfast Abbey Triples"/>
			<method name="Hayfield Royal"/>
			<method name="Skelwith Bridge Minor"/>
			<method name="West Chiltington Doubles"/>
		</member>
		<member fname="Helvetius"  lname="Nagy" captain="N" experience="2">
			<method name="West Chiltington Doubles"/>
		</member>
		<member fname="Howard"  lname="Snyder" captain="N" experience="1">
		</member>
		<member fname="Helen"  lname="Bennett" captain="N" experience="3">
			<method name="Skelwith Bridge Minor"/>
			<method name="Buckfast Abbey Triples"/>
		</member>
		<member fname="Janine"  lname="Labrune" captain="Y" experience="20">
			<method name="Acton Trussel Bob Royal"/>
			<method name="Andover Bob Minor"/>
			<method name="Antelope Place Doubles"/>
			<method name="Brandon Parva Maximus"/>
			<method name="Buckfast Abbey Triples"/>
			<method name="Hayfield Royal"/>
			<method name="Skelwith Bridge Minor"/>
			<method name="West Chiltington Doubles"/>
		</member>
		<member fname="Karin"  lname="Josephs" captain="N" experience="4">
			<method name="Antelope Place Doubles"/>
			<method name="Brandon Parva Maximus"/>
			<method name="Buckfast Abbey Triples"/>
		</member>
		<member fname="Karla"  lname="Jablonski" captain="N" experience="13">
			<method name="Brandon Parva Maximus"/>
			<method name="Buckfast Abbey Triples"/>
			<method name="Hayfield Royal"/>
			<method name="Skelwith Bridge Minor"/>
			<method name="West Chiltington Doubles"/>
		</member>
		<member fname="Laurence"  lname="Lebihan" captain="N" experience="8">
			<method name="Brandon Parva Maximus"/>
			<method name="Buckfast Abbey Triples"/>
			<method name="Hayfield Royal"/>
			<method name="Skelwith Bridge Minor"/>
		</member>
		<member fname="Lesley"  lname="Brown" captain="N" experience="3">
			<method name="Hayfield Royal"/>
		</member>
		<member fname="Miguel"  lname="Paolino" captain="N" experience="1">
		</member>
		<member fname="Margaret"  lname="Smith" captain="N" experience="8">
			<method name="Buckfast Abbey Triples"/>
			<method name="Hayfield Royal"/>
			<method name="Skelwith Bridge Minor"/>
			<method name="West Chiltington Doubles"/>
		</member>
	</tower>
	<tower name="Upper Gumtree">
		<member fname="Martin"  lname="Sommer" captain="N" experience="3">
			<method name="Acton Trussel Bob Royal"/>
			<method name="Andover Bob Minor"/>
			<method name="Skelwith Bridge Minor"/>
		</member>
		<member fname="Matti"  lname="Karttunen" captain="N" experience="13">
			<method name="Andover Bob Minor"/>
			<method name="Antelope Place Doubles"/>
			<method name="Brandon Parva Maximus"/>
			<method name="Buckfast Abbey Triples"/>
			<method name="Hayfield Royal"/>
			<method name="Skelwith Bridge Minor"/>
			<method name="West Chiltington Doubles"/>
		</member>
		<member fname="Maria"  lname="Pontes" captain="N" experience="1">
			<method name="Andover Bob Minor"/>
		</member>
		<member fname="Maria"  lname="Larsson" captain="N" experience="3">
			<method name="Buckfast Abbey Triples"/>
			<method name="Hayfield Royal"/>
		</member>
		<member fname="Mary"  lname="Saveley" captain="Y" experience="20">
			<method name="Acton Trussel Bob Royal"/>
			<method name="Andover Bob Minor"/>
			<method name="Antelope Place Doubles"/>
			<method name="Brandon Parva Maximus"/>
			<method name="Buckfast Abbey Triples"/>
			<method name="Hayfield Royal"/>
			<method name="Skelwith Bridge Minor"/>
			<method name="West Chiltington Doubles"/>
		</member>
		<member fname="Manuel"  lname="Pereira" captain="N" experience="2">
			<method name="West Chiltington Doubles"/>
		</member>
		<member fname="Martine"  lname="Rance" captain="N" experience="6">
			<method name="Andover Bob Minor"/>
			<method name="Antelope Place Doubles"/>
			<method name="Brandon Parva Maximus"/>
			<method name="Buckfast Abbey Triples"/>
		</member>
		<member fname="Patricia"  lname="McKenna" captain="N" experience="13">
			<method name="Brandon Parva Maximus"/>
			<method name="Buckfast Abbey Triples"/>
			<method name="Hayfield Royal"/>
			<method name="Skelwith Bridge Minor"/>
			<method name="West Chiltington Doubles"/>
		</member>
		<member fname="Palle"  lname="Ibsen" captain="N" experience="5">
			<method name="Andover Bob Minor"/>
			<method name="Antelope Place Doubles"/>
			<method name="Brandon Parva Maximus"/>
			<method name="Buckfast Abbey Triples"/>
		</member>
		<member fname="Peter"  lname="Franken" captain="N" experience="1">
			<method name="Andover Bob Minor"/>
		</member>
		<member fname="Paolo"  lname="Accorti" captain="N" experience="6">
			<method name="Andover Bob Minor"/>
			<method name="Antelope Place Doubles"/>
			<method name="Brandon Parva Maximus"/>
			<method name="Buckfast Abbey Triples"/>
		</member>
		<member fname="Pirkko"  lname="Koskitalo" captain="N" experience="3">
			<method name="Antelope Place Doubles"/>
			<method name="Brandon Parva Maximus"/>
		</member>
		<member fname="Pedro"  lname="Afonso" captain="N" experience="13">
			<method name="Brandon Parva Maximus"/>
			<method name="Buckfast Abbey Triples"/>
			<method name="Hayfield Royal"/>
			<method name="Skelwith Bridge Minor"/>
			<method name="West Chiltington Doubles"/>
		</member>
		<member fname="Paula"  lname="Parente" captain="N" experience="4">
			<method name="Buckfast Abbey Triples"/>
			<method name="Hayfield Royal"/>
			<method name="Skelwith Bridge Minor"/>
		</member>
	</tower>
	<tower name="Downley Hatch">
		<member fname="Philip"  lname="Cramer" captain="N" experience="8">
			<method name="Brandon Parva Maximus"/>
			<method name="Buckfast Abbey Triples"/>
			<method name="Hayfield Royal"/>
			<method name="Skelwith Bridge Minor"/>
			<method name="West Chiltington Doubles"/>
		</member>
		<member fname="Paul"  lname="Henriot" captain="N" experience="2">
			<method name="Hayfield Royal"/>
			<method name="Skelwith Bridge Minor"/>
		</member>
		<member fname="Rita"  lname="Muller" captain="N" experience="13">
			<method name="Antelope Place Doubles"/>
			<method name="Brandon Parva Maximus"/>
			<method name="Buckfast Abbey Triples"/>
			<method name="Hayfield Royal"/>
			<method name="Skelwith Bridge Minor"/>
			<method name="West Chiltington Doubles"/>
		</member>
		<member fname="Roland"  lname="Mendel" captain="N" experience="5">
			<method name="Andover Bob Minor"/>
			<method name="Antelope Place Doubles"/>
			<method name="Brandon Parva Maximus"/>
			<method name="Buckfast Abbey Triples"/>
		</member>
		<member fname="Sven"  lname="Ottlieb" captain="N" experience="1">
			<method name="Hayfield Royal"/>
		</member>
		<member fname="Timothy"  lname="O'Rourke" captain="N" experience="5">
			<method name="Andover Bob Minor"/>
			<method name="Antelope Place Doubles"/>
			<method name="Brandon Parva Maximus"/>
			<method name="Buckfast Abbey Triples"/>
		</member>
		<member fname="Victoria"  lname="Ashworth" captain="Y" experience="13">
			<method name="Acton Trussel Bob Royal"/>
			<method name="Andover Bob Minor"/>
			<method name="Antelope Place Doubles"/>
			<method name="Brandon Parva Maximus"/>
			<method name="Buckfast Abbey Triples"/>
			<method name="Hayfield Royal"/>
			<method name="Skelwith Bridge Minor"/>
			<method name="West Chiltington Doubles"/>
		</member>
		<member fname="Yoshi"  lname="Latimer" captain="N" experience="3">
			<method name="Skelwith Bridge Minor"/>
			<method name="West Chiltington Doubles"/>
		</member>
	</tower>
</district>